{
    "version": 1,
    "author": "Ester Tamelab",
    "editor": "wokwi",
    "parts": [
      { "type": "board-esp32-devkit-c-v4", "id": "esp", "top": 0, "left": -119.96, "attrs": {} },
      { "type": "wokwi-hc-sr04", "id": "ultrasonic1", "top": 11.1, "left": 101.5, "attrs": {} }
    ],
    "connections": [
      [ "esp:TX", "$serialMonitor:RX", "", [] ],
      [ "esp:RX", "$serialMonitor:TX", "", [] ],
      [ "ultrasonic1:VCC", "esp:5V", "red", [ "v124.8", "h-288" ] ],
      [ "ultrasonic1:TRIG", "esp:5", "green", [ "v9.6", "h-154", "v-19.2" ] ],
      [ "ultrasonic1:ECHO", "esp:18", "green", [ "v28.8", "h-164", "v-38.4" ] ],
      [ "ultrasonic1:GND", "esp:GND.3", "black", [ "v38.4", "h-135.6", "v-48" ] ]
    ],
    "dependencies": {}
  }