{
    "version": 1,
    "author": "Ester Tamelab",
    "editor": "wokwi",
    "parts": [
      { "type": "board-esp32-devkit-c-v4", "id": "esp", "top": 0, "left": 0, "attrs": {} },
      { "type": "wokwi-relay-module", "id": "relay1", "top": -76.6, "left": 307.2, "attrs": {} },
      {
        "type": "wokwi-pushbutton",
        "id": "btn1",
        "top": 83,
        "left": 220.8,
        "attrs": { "color": "green", "xray": "1" }
      },
      {
        "type": "wokwi-led",
        "id": "led1",
        "top": 140.4,
        "left": 157.4,
        "attrs": { "color": "red" }
      }
    ],
    "connections": [
      [ "esp:TX", "$serialMonitor:RX", "", [] ],
      [ "esp:RX", "$serialMonitor:TX", "", [] ],
      [ "relay1:VCC", "esp:3V3", "red", [ "h-307.2", "v86.4" ] ],
      [ "relay1:GND", "esp:GND.2", "black", [ "h-201.6", "v76.4" ] ],
      [ "esp:19", "btn1:1.l", "green", [ "h120.04" ] ],
      [
        "btn1:2.l",
        "esp:GND.2",
        "green",
        [ "h-9.6", "v-86.2", "h0", "v0", "h0", "v0", "h0", "v0", "h0" ]
      ],
      [ "relay1:IN", "esp:23", "green", [ "h-163.2", "v19", "h0", "v57.6" ] ],
      [ "led1:C", "esp:GND.2", "green", [ "v0", "h-18.8", "v-153.6" ] ],
      [ "led1:A", "esp:18", "green", [ "v0", "h9.6", "v-57.6" ] ]
    ],
    "dependencies": {}
  }